{
  "accuracy": 0.9765,
  "precision": 0.6615384615384615,
  "recall": 0.6323529411764706,
  "f1_score": 0.6466165413533834
}